{"initial_reset_timestamp": 1593636495.903913, "timestamps": [1593636495.9158113, 1593636495.9269676, 1593636495.9377358, 1593636495.9485452, 1593636495.9593403, 1593636495.9698184, 1593636495.9803314, 1593636495.9908779, 1593636496.001339, 1593636496.0119476, 1593636496.0223765, 1593636496.032851, 1593636496.043318, 1593636496.0537074, 1593636496.0645216, 1593636496.0750382, 1593636496.0856156, 1593636496.0960789, 1593636496.1066127, 1593636496.1171014, 1593636496.1276062, 1593636496.1381993, 1593636496.1486554, 1593636496.1591182, 1593636496.1695127, 1593636496.180075, 1593636496.1905665, 1593636496.2009802, 1593636496.2114146, 1593636496.221827, 1593636496.232326, 1593636496.2427406, 1593636496.253438, 1593636496.2638998, 1593636496.274358, 1593636496.2848973, 1593636496.2954178, 1593636496.3071492, 1593636496.3180258, 1593636496.3286843, 1593636496.3393576, 1593636496.3500104, 1593636496.3608158, 1593636496.371329, 1593636496.382736, 1593636496.3932018, 1593636496.4037867, 1593636496.4149737, 1593636496.4256253, 1593636496.4361343, 1593636496.4467428, 1593636496.457319, 1593636496.4678447, 1593636496.4784245, 1593636496.4890587, 1593636496.499528, 1593636496.510065, 1593636496.520527, 1593636496.5311103, 1593636496.5415132, 1593636496.5519838, 1593636496.5625224, 1593636496.5729465, 1593636496.5834875, 1593636496.5939076, 1593636496.6043637, 1593636496.6148646, 1593636496.6254566, 1593636496.635986, 1593636496.6464226, 1593636496.6569388, 1593636496.6674786, 1593636496.678105, 1593636496.6886322, 1593636496.6991537, 1593636496.7096303, 1593636496.7200823, 1593636496.730619, 1593636496.7410955, 1593636496.7515397, 1593636496.7620053, 1593636496.7724712, 1593636496.7830973, 1593636496.7935224, 1593636496.8039417, 1593636496.8143983, 1593636496.824787, 1593636496.835331, 1593636496.845718, 1593636496.8563163, 1593636496.8669403, 1593636496.8774025, 1593636496.8879018, 1593636496.8983595, 1593636496.9088724, 1593636496.9194, 1593636496.9301221, 1593636496.940659, 1593636496.9512024, 1593636496.9616494], "episode_lengths": [200, 200, 200, 200, 200, 200, 200, 200, 200, 200, 200, 200, 200, 200, 200, 200, 200, 200, 200, 200, 200, 200, 200, 200, 200, 200, 200, 200, 200, 200, 200, 200, 200, 200, 200, 200, 200, 200, 200, 200, 200, 200, 200, 200, 200, 200, 200, 200, 200, 200, 200, 200, 200, 200, 200, 200, 200, 200, 200, 200, 200, 200, 200, 200, 200, 200, 200, 200, 200, 200, 200, 200, 200, 200, 200, 200, 200, 200, 200, 200, 200, 200, 200, 200, 200, 200, 200, 200, 200, 200, 200, 200, 200, 200, 200, 200, 200, 200, 200, 200], "episode_rewards": [200.0, 200.0, 200.0, 200.0, 200.0, 200.0, 200.0, 200.0, 200.0, 200.0, 200.0, 200.0, 200.0, 200.0, 200.0, 200.0, 200.0, 200.0, 200.0, 200.0, 200.0, 200.0, 200.0, 200.0, 200.0, 200.0, 200.0, 200.0, 200.0, 200.0, 200.0, 200.0, 200.0, 200.0, 200.0, 200.0, 200.0, 200.0, 200.0, 200.0, 200.0, 200.0, 200.0, 200.0, 200.0, 200.0, 200.0, 200.0, 200.0, 200.0, 200.0, 200.0, 200.0, 200.0, 200.0, 200.0, 200.0, 200.0, 200.0, 200.0, 200.0, 200.0, 200.0, 200.0, 200.0, 200.0, 200.0, 200.0, 200.0, 200.0, 200.0, 200.0, 200.0, 200.0, 200.0, 200.0, 200.0, 200.0, 200.0, 200.0, 200.0, 200.0, 200.0, 200.0, 200.0, 200.0, 200.0, 200.0, 200.0, 200.0, 200.0, 200.0, 200.0, 200.0, 200.0, 200.0, 200.0, 200.0, 200.0, 200.0], "episode_types": ["t", "t", "t", "t", "t", "t", "t", "t", "t", "t", "t", "t", "t", "t", "t", "t", "t", "t", "t", "t", "t", "t", "t", "t", "t", "t", "t", "t", "t", "t", "t", "t", "t", "t", "t", "t", "t", "t", "t", "t", "t", "t", "t", "t", "t", "t", "t", "t", "t", "t", "t", "t", "t", "t", "t", "t", "t", "t", "t", "t", "t", "t", "t", "t", "t", "t", "t", "t", "t", "t", "t", "t", "t", "t", "t", "t", "t", "t", "t", "t", "t", "t", "t", "t", "t", "t", "t", "t", "t", "t", "t", "t", "t", "t", "t", "t", "t", "t", "t", "t"]}